date,ADPT,ASLP,ASTP,AWBT,AWND,PGTM,PRCP,RHAV,RHMN,RHMX,SNOW,SNWD,TMAX,TMIN,WDF2,WDF5,WSF2,WSF5,WT01,WT02,WT03,WT06,WT08
2024-01-01,-11.0,10166.0,10115.0,28.0,1.5,,0.8,63.0,54.0,82.0,0.0,0.0,8.3,1.7,270.0,220.0,4.0,7.2,,,,,
2024-01-02,-61.0,10176.0,10125.0,-6.0,1.8,,0.0,54.0,41.0,69.0,0.0,0.0,5.6,-1.6,300.0,320.0,4.5,7.2,,,,,
2024-01-03,-44.0,10159.0,10108.0,6.0,2.2,,0.0,57.0,49.0,67.0,0.0,0.0,6.1,1.1,300.0,320.0,4.5,6.7,,,,,
2024-01-04,-61.0,10159.0,10112.0,0.0,3.4,,0.0,50.0,38.0,65.0,0.0,0.0,7.2,-2.1,310.0,300.0,8.9,13.4,,,,,
2024-01-05,-100.0,10240.0,10190.0,-33.0,3.2,,0.0,48.0,39.0,55.0,0.0,0.0,2.8,-3.2,300.0,290.0,7.2,10.7,,,,,
2024-01-06,-39.0,10169.0,10135.0,-6.0,3.1,,10.4,69.0,54.0,89.0,5.0,0.0,3.3,-0.5,70.0,60.0,10.3,15.7,1.0,,,,1.0
2024-01-07,-6.0,10054.0,10003.0,17.0,3.4,,6.1,82.0,64.0,93.0,0.0,0.0,3.3,1.1,50.0,70.0,6.7,10.7,1.0,,,,
2024-01-08,-50.0,10261.0,10196.0,11.0,2.3,,0.0,52.0,41.0,65.0,0.0,0.0,7.2,2.2,300.0,20.0,8.1,13.4,,,,,1.0
2024-01-09,28.0,10159.0,10152.0,56.0,2.9,,43.9,76.0,57.0,93.0,0.0,0.0,13.9,2.2,150.0,130.0,10.3,19.2,1.0,,,,
2024-01-10,17.0,9929.0,9854.0,61.0,3.8,,5.6,57.0,41.0,93.0,0.0,0.0,13.9,6.7,240.0,230.0,9.8,16.1,1.0,,,,
2024-01-11,-33.0,10105.0,10041.0,28.0,3.1,,0.0,49.0,44.0,54.0,0.0,0.0,8.3,5.0,240.0,240.0,6.7,10.3,,,,,
2024-01-12,-6.0,10176.0,10115.0,39.0,3.1,,2.0,59.0,39.0,86.0,0.0,0.0,10.0,4.4,80.0,20.0,7.2,14.3,1.0,,,,
2024-01-13,22.0,9953.0,9902.0,67.0,4.3,,20.6,64.0,37.0,93.0,0.0,0.0,15.6,1.7,270.0,280.0,9.4,17.4,1.0,,,,
2024-01-14,-111.0,10125.0,10075.0,-22.0,3.7,,0.0,41.0,21.0,56.0,0.0,0.0,6.7,-3.2,270.0,280.0,11.2,16.5,,,,,
2024-01-15,-144.0,10230.0,10176.0,-61.0,2.3,,1.0,44.0,28.0,85.0,10.0,0.0,-1.6,-4.9,280.0,30.0,5.8,10.7,1.0,,,,
2024-01-16,-61.0,10112.0,10064.0,-33.0,4.1,,7.1,78.0,55.0,89.0,33.0,30.0,0.0,-5.5,40.0,30.0,9.4,16.1,1.0,,,1.0,1.0
2024-01-17,-161.0,10152.0,10102.0,-83.0,3.7,,0.0,46.0,30.0,62.0,0.0,30.0,-4.3,-8.2,240.0,10.0,8.1,12.5,,,,,
2024-01-18,-133.0,10196.0,10149.0,-50.0,2.7,,0.0,43.0,35.0,58.0,0.0,30.0,1.1,-5.5,230.0,240.0,7.2,11.6,,,,,1.0
2024-01-19,-78.0,10105.0,10041.0,-33.0,3.3,,1.0,64.0,41.0,78.0,10.0,30.0,0.0,-3.2,40.0,30.0,9.8,16.5,,,,,1.0
2024-01-20,-150.0,10149.0,10098.0,-83.0,4.8,,0.0,50.0,42.0,59.0,0.0,30.0,-3.2,-7.7,340.0,10.0,9.4,16.1,,,,,
2024-01-21,-139.0,10268.0,10200.0,-67.0,4.1,,0.0,45.0,38.0,59.0,0.0,30.0,-0.5,-6.6,310.0,360.0,9.4,15.7,,,,,
2024-01-22,-106.0,10328.0,10278.0,-39.0,3.2,,0.0,47.0,33.0,60.0,0.0,30.0,3.3,-3.8,230.0,20.0,6.7,9.8,,,,,
2024-01-23,-44.0,10322.0,10271.0,6.0,2.2,,1.3,61.0,39.0,76.0,0.0,30.0,4.4,1.1,340.0,30.0,7.2,12.5,,,,,1.0
2024-01-24,33.0,10301.0,10247.0,50.0,,,1.3,84.0,67.0,90.0,0.0,0.0,8.9,3.3,90.0,30.0,5.4,16.5,1.0,,,,1.0
2024-01-25,94.0,10207.0,10156.0,106.0,1.9,,6.1,85.0,77.0,93.0,0.0,0.0,15.0,7.8,90.0,30.0,5.8,10.3,1.0,,,,1.0
2024-01-26,44.0,10179.0,10132.0,56.0,2.5,,4.8,88.0,85.0,93.0,0.0,0.0,7.8,5.6,50.0,40.0,5.8,13.4,1.0,,,,
2024-01-27,33.0,10220.0,10169.0,56.0,,,0.0,75.0,63.0,93.0,0.0,0.0,9.4,6.1,10.0,30.0,4.9,16.5,1.0,,,,
2024-01-28,22.0,10095.0,10054.0,33.0,4.2,,20.8,88.0,76.0,89.0,0.0,0.0,6.7,2.8,60.0,50.0,11.6,19.7,1.0,,,,
2024-01-29,-11.0,10108.0,10047.0,17.0,3.4,,1.3,73.0,65.0,89.0,0.0,0.0,4.4,2.2,30.0,40.0,7.6,15.7,1.0,,,,
2024-01-30,-39.0,10220.0,10166.0,0.0,2.1,,0.0,66.0,57.0,85.0,0.0,0.0,3.3,1.7,70.0,70.0,6.3,11.6,1.0,,,,1.0
2024-01-31,-17.0,10196.0,10149.0,11.0,1.6,,0.0,71.0,65.0,85.0,0.0,0.0,4.4,1.1,80.0,80.0,4.5,8.9,1.0,,,,1.0
2024-02-01,0.0,10149.0,10102.0,33.0,1.7,,0.0,66.0,58.0,79.0,0.0,0.0,7.8,2.8,250.0,220.0,5.4,8.5,,,,,1.0
2024-02-02,11.0,10122.0,10064.0,39.0,2.6,,8.1,76.0,57.0,89.0,0.0,0.0,7.8,3.3,360.0,360.0,5.8,11.2,1.0,,,,1.0
2024-02-03,-61.0,10169.0,10122.0,-6.0,3.7,,0.0,51.0,37.0,66.0,0.0,0.0,6.1,0.0,10.0,10.0,6.7,10.7,,,,,
2024-02-04,-72.0,10152.0,10102.0,-6.0,2.3,,0.0,47.0,31.0,61.0,0.0,0.0,7.8,-0.5,20.0,20.0,6.3,9.4,,,,,
2024-02-05,-100.0,10142.0,10091.0,-17.0,3.3,,0.0,39.0,27.0,54.0,0.0,0.0,7.2,0.0,40.0,40.0,7.6,15.7,,,,,
2024-02-06,-94.0,10217.0,10166.0,-22.0,3.0,,0.0,44.0,33.0,54.0,0.0,0.0,5.6,-1.6,40.0,30.0,6.7,10.3,,,,,
2024-02-07,-61.0,10254.0,10203.0,6.0,1.9,,0.0,46.0,35.0,59.0,0.0,0.0,8.9,0.6,60.0,50.0,4.0,6.3,,,,,
2024-02-08,-39.0,10251.0,10203.0,28.0,1.4,,0.0,47.0,29.0,68.0,0.0,0.0,11.7,2.8,180.0,170.0,4.0,6.7,,,,,
2024-02-09,22.0,10186.0,10135.0,56.0,1.9,,0.0,65.0,49.0,83.0,0.0,0.0,12.8,6.1,140.0,170.0,4.5,9.8,,,,,
2024-02-10,44.0,10105.0,10058.0,83.0,1.4,,0.0,60.0,53.0,69.0,0.0,0.0,15.6,8.3,220.0,220.0,4.5,7.6,,,,,
2024-02-11,0.0,10125.0,10078.0,50.0,2.6,,0.0,55.0,46.0,72.0,0.0,0.0,13.3,6.1,310.0,290.0,5.8,9.8,,,,,
2024-02-12,-22.0,10115.0,10068.0,22.0,1.9,,0.0,58.0,48.0,68.0,0.0,0.0,8.9,2.8,60.0,60.0,6.3,9.4,,,,,
2024-02-13,-22.0,10030.0,9973.0,6.0,3.8,,19.6,73.0,50.0,92.0,81.0,30.0,5.0,0.6,70.0,40.0,7.6,12.1,1.0,1.0,,,
2024-02-14,-117.0,10163.0,10108.0,-33.0,5.1,,0.0,41.0,31.0,59.0,0.0,50.0,3.3,-1.6,300.0,300.0,9.8,16.5,,,,,
2024-02-15,-89.0,10173.0,10122.0,-22.0,2.7,,0.0,50.0,31.0,65.0,0.0,0.0,3.9,-2.7,310.0,320.0,5.8,11.2,,,,,
2024-02-16,-100.0,10108.0,10061.0,-6.0,3.7,,0.0,38.0,25.0,65.0,0.0,0.0,6.1,2.2,310.0,320.0,8.9,15.2,,,,,
2024-02-17,-61.0,10091.0,10041.0,-22.0,3.4,,4.6,66.0,35.0,89.0,51.0,50.0,2.2,-2.7,310.0,310.0,6.7,13.0,1.0,,,,1.0
2024-02-18,-106.0,10112.0,10064.0,-28.0,3.2,,0.0,43.0,32.0,63.0,0.0,0.0,4.4,-3.2,240.0,270.0,8.1,14.8,,,,,
2024-02-19,-117.0,10210.0,10146.0,-22.0,2.2,,0.0,36.0,24.0,49.0,0.0,0.0,5.0,-0.5,300.0,300.0,6.7,10.7,,,,,
2024-02-20,-128.0,10315.0,10257.0,-33.0,2.4,,0.0,38.0,28.0,50.0,0.0,0.0,4.4,-3.2,40.0,20.0,6.7,10.3,,,,,
2024-02-21,-56.0,10298.0,10251.0,-6.0,2.1,,0.0,59.0,45.0,66.0,0.0,0.0,6.1,-1.0,130.0,120.0,5.4,8.1,,,,,
2024-02-22,-11.0,10146.0,10119.0,22.0,1.7,,1.0,68.0,54.0,85.0,0.0,0.0,7.2,1.7,130.0,180.0,5.8,8.9,1.0,,,,
2024-02-23,39.0,9990.0,9949.0,56.0,1.3,,1.0,79.0,69.0,89.0,0.0,0.0,8.3,5.6,300.0,290.0,4.0,6.7,1.0,,,,1.0
2024-02-24,-83.0,10061.0,9990.0,0.0,2.9,,0.0,43.0,21.0,76.0,0.0,0.0,6.7,-2.1,300.0,300.0,7.2,10.3,,,,,
2024-02-25,-122.0,10193.0,10142.0,-39.0,1.9,,0.0,41.0,27.0,62.0,0.0,0.0,5.0,-4.9,220.0,190.0,5.8,9.4,,,,,
2024-02-26,-11.0,10169.0,10119.0,33.0,2.0,,0.3,58.0,42.0,66.0,0.0,0.0,12.8,1.7,220.0,210.0,5.8,10.3,,,,,
2024-02-27,50.0,10146.0,10108.0,72.0,2.2,,13.2,78.0,59.0,89.0,0.0,0.0,12.8,4.4,140.0,200.0,5.4,8.9,1.0,,,,1.0
2024-02-28,94.0,10047.0,10003.0,111.0,3.4,,4.3,83.0,54.0,89.0,0.0,0.0,16.7,6.7,280.0,290.0,12.5,21.9,1.0,,,,1.0
2024-02-29,-56.0,10237.0,10163.0,0.0,4.5,,0.0,59.0,27.0,100.0,0.0,0.0,6.1,-0.5,310.0,320.0,10.7,19.2,,,,,
2024-03-01,-72.0,10352.0,10295.0,0.0,1.9,,0.0,48.0,29.0,73.0,0.0,0.0,8.9,-1.0,140.0,130.0,6.3,10.3,,,,,
2024-03-02,50.0,10247.0,10213.0,72.0,2.0,,32.3,81.0,48.0,96.0,0.0,0.0,12.8,5.6,130.0,100.0,5.4,11.2,1.0,,,,1.0
2024-03-03,44.0,10213.0,10156.0,94.0,1.9,,0.0,54.0,43.0,75.0,0.0,0.0,20.0,8.9,60.0,290.0,5.4,8.1,1.0,,,,1.0
2024-03-04,61.0,10278.0,10224.0,89.0,2.6,,0.0,71.0,60.0,83.0,0.0,0.0,15.0,7.8,100.0,90.0,5.8,9.8,,,,,1.0
2024-03-05,50.0,10203.0,10163.0,61.0,4.1,,10.9,88.0,80.0,93.0,0.0,0.0,9.4,5.6,60.0,70.0,10.3,16.5,1.0,,,,1.0
2024-03-06,72.0,10146.0,10095.0,83.0,2.1,,30.5,87.0,77.0,93.0,0.0,0.0,11.7,8.3,60.0,60.0,9.4,13.4,1.0,,,,1.0
2024-03-07,56.0,10125.0,10058.0,78.0,3.5,,2.8,72.0,61.0,92.0,0.0,0.0,12.2,6.7,20.0,40.0,8.9,13.9,1.0,,,,
2024-03-08,-22.0,10251.0,10200.0,39.0,2.3,,0.0,51.0,21.0,71.0,0.0,0.0,13.9,4.4,60.0,40.0,6.7,10.7,,,,,
2024-03-09,33.0,10159.0,10078.0,50.0,3.3,,38.9,79.0,68.0,90.0,0.0,0.0,9.4,5.0,90.0,100.0,8.9,14.3,1.0,,,,1.0
2024-03-10,0.0,9966.0,9915.0,39.0,4.3,,0.8,64.0,46.0,89.0,0.0,0.0,10.6,2.8,280.0,270.0,9.8,17.0,1.0,,,,
2024-03-11,-94.0,10047.0,10000.0,11.0,5.7,,0.0,33.0,15.0,64.0,0.0,0.0,11.1,1.7,310.0,290.0,11.6,23.7,,,,,1.0
2024-03-12,-44.0,10095.0,10047.0,56.0,2.7,,0.0,30.0,21.0,39.0,0.0,0.0,18.9,6.1,280.0,270.0,6.7,12.1,,,,,
2024-03-13,0.0,10129.0,10075.0,67.0,1.6,,0.0,45.0,26.0,74.0,0.0,0.0,16.7,8.9,140.0,140.0,5.4,8.9,,,,,
2024-03-14,39.0,10152.0,10105.0,89.0,1.1,,0.0,53.0,26.0,79.0,0.0,0.0,23.3,7.8,140.0,130.0,5.4,8.9,,,,,
2024-03-15,56.0,10068.0,10020.0,111.0,3.0,,0.0,50.0,35.0,66.0,0.0,0.0,22.8,10.6,300.0,290.0,8.1,12.5,,,,,
2024-03-16,17.0,10088.0,10041.0,72.0,2.0,,0.0,51.0,33.0,66.0,0.0,0.0,16.1,8.3,140.0,180.0,5.8,10.3,,,,,
2024-03-17,-6.0,10024.0,9976.0,72.0,3.0,,0.0,42.0,22.0,72.0,0.0,0.0,17.2,8.9,280.0,280.0,8.1,13.9,,,,,
2024-03-18,-72.0,10061.0,10010.0,17.0,3.3,,0.0,37.0,28.0,46.0,0.0,0.0,10.6,3.3,310.0,320.0,7.6,13.0,,,,,
2024-03-19,-72.0,10071.0,10020.0,6.0,3.4,,0.0,44.0,25.0,70.0,0.0,0.0,8.9,2.2,240.0,250.0,7.6,13.9,,,,,
2024-03-20,-33.0,10054.0,10003.0,28.0,3.0,,0.3,48.0,31.0,73.0,0.0,0.0,13.9,1.1,310.0,320.0,9.8,17.4,,,,,
2024-03-21,-139.0,10196.0,10146.0,-28.0,4.1,,0.0,31.0,22.0,41.0,0.0,0.0,6.1,-1.0,280.0,280.0,8.9,16.5,,,,,
2024-03-22,-94.0,10271.0,10220.0,-11.0,2.2,,0.0,43.0,21.0,62.0,0.0,0.0,7.8,-1.6,300.0,280.0,5.8,10.3,,,,,
2024-03-23,28.0,10112.0,10058.0,44.0,3.2,,93.0,82.0,57.0,93.0,0.0,0.0,10.0,1.7,300.0,300.0,8.1,15.7,1.0,1.0,,,1.0
2024-03-24,-94.0,10244.0,10193.0,-6.0,3.5,,0.0,39.0,25.0,54.0,0.0,0.0,8.9,-0.5,20.0,50.0,7.2,11.6,,,,,
2024-03-25,-61.0,10295.0,10247.0,17.0,3.9,,0.0,41.0,30.0,57.0,0.0,0.0,11.7,1.7,60.0,40.0,11.2,16.1,,,,,
2024-03-26,-6.0,10224.0,10176.0,44.0,2.7,,0.0,58.0,38.0,77.0,0.0,0.0,11.7,3.9,40.0,60.0,7.2,10.7,,,,,
2024-03-27,44.0,10190.0,10139.0,67.0,1.2,,1.5,76.0,59.0,86.0,0.0,0.0,11.1,5.6,240.0,240.0,5.4,7.2,1.0,,,,1.0
2024-03-28,61.0,10132.0,10091.0,78.0,2.1,,17.8,84.0,53.0,93.0,0.0,0.0,10.6,6.7,30.0,290.0,5.8,8.9,1.0,,,,
2024-03-29,-61.0,10071.0,10024.0,28.0,5.0,,0.0,36.0,25.0,47.0,0.0,0.0,13.3,5.6,300.0,300.0,10.3,17.9,,,,,
2024-03-30,-33.0,10078.0,10030.0,50.0,3.8,,1.0,43.0,17.0,83.0,0.0,0.0,16.7,5.0,240.0,280.0,8.1,14.3,,,,,
2024-03-31,6.0,10115.0,10068.0,72.0,2.0,,0.5,44.0,31.0,80.0,0.0,0.0,16.7,8.3,300.0,300.0,6.3,10.3,,,,,1.0
2024-04-01,22.0,10142.0,10095.0,67.0,1.3,,0.3,55.0,43.0,69.0,0.0,0.0,12.2,9.4,90.0,100.0,4.5,7.2,,,,,1.0
2024-04-02,56.0,10129.0,10078.0,72.0,3.1,,22.1,84.0,71.0,90.0,0.0,0.0,10.6,6.7,50.0,60.0,6.7,10.3,1.0,,,,
2024-04-03,39.0,10030.0,9983.0,50.0,6.3,,39.4,87.0,85.0,89.0,0.0,0.0,7.2,5.0,60.0,40.0,14.8,26.4,1.0,,,,
2024-04-04,0.0,9959.0,9902.0,39.0,3.0,,5.3,67.0,45.0,93.0,0.0,0.0,11.7,2.8,50.0,50.0,11.6,20.1,1.0,,,,
2024-04-05,-28.0,10037.0,9986.0,28.0,3.6,,0.0,53.0,36.0,76.0,0.0,0.0,10.0,3.3,280.0,260.0,7.2,13.4,,,,,1.0
2024-04-06,-22.0,10095.0,10047.0,39.0,3.4,,0.0,48.0,34.0,65.0,0.0,0.0,12.2,5.6,20.0,10.0,7.2,13.0,,,,,
2024-04-07,-17.0,10176.0,10119.0,50.0,2.9,,0.0,46.0,29.0,63.0,0.0,0.0,15.6,6.1,50.0,40.0,7.6,12.1,,,,,
2024-04-08,-22.0,10200.0,10152.0,67.0,1.0,,0.0,37.0,16.0,61.0,0.0,0.0,20.6,6.1,220.0,290.0,3.6,5.8,,,,,
2024-04-09,22.0,10166.0,10119.0,106.0,1.3,,0.0,36.0,22.0,51.0,0.0,0.0,26.7,12.8,170.0,170.0,5.4,8.5,,,,,
2024-04-10,72.0,10169.0,10122.0,106.0,3.0,,0.0,65.0,54.0,80.0,0.0,0.0,19.4,10.6,50.0,60.0,5.8,9.4,,,,,
2024-04-11,111.0,10122.0,10078.0,122.0,2.8,,6.1,85.0,70.0,93.0,0.0,0.0,16.1,10.0,150.0,170.0,6.7,13.4,1.0,,,,1.0
2024-04-12,94.0,9970.0,9915.0,122.0,4.0,,8.6,71.0,43.0,93.0,0.0,0.0,17.2,13.3,230.0,230.0,7.6,18.3,1.0,,1.0,,1.0
2024-04-13,11.0,10044.0,9997.0,67.0,5.2,,0.3,52.0,43.0,63.0,0.0,0.0,13.3,8.3,280.0,280.0,10.7,19.7,,,,,
2024-04-14,33.0,10095.0,10047.0,94.0,2.2,,2.5,45.0,26.0,80.0,0.0,0.0,23.9,8.9,230.0,220.0,9.8,17.4,,,,,
2024-04-15,67.0,10098.0,10047.0,133.0,2.4,,0.0,44.0,20.0,73.0,0.0,0.0,27.8,14.4,40.0,50.0,7.6,13.4,,,,,
2024-04-16,-6.0,10196.0,10146.0,89.0,1.9,,0.0,32.0,15.0,46.0,0.0,0.0,22.8,12.2,310.0,300.0,6.3,9.8,,,,,
2024-04-17,50.0,10196.0,10152.0,89.0,3.1,,0.5,62.0,44.0,83.0,0.0,0.0,16.7,10.0,70.0,50.0,6.7,9.8,,,,,
2024-04-18,50.0,10190.0,10146.0,72.0,4.8,,0.3,80.0,69.0,90.0,0.0,0.0,10.0,7.2,60.0,100.0,9.8,15.7,1.0,,,,1.0
2024-04-19,50.0,10196.0,10146.0,78.0,2.3,,0.0,68.0,48.0,80.0,0.0,0.0,15.6,7.8,60.0,50.0,5.8,8.5,,,,,
2024-04-20,39.0,10135.0,10091.0,94.0,1.9,,1.3,56.0,22.0,89.0,0.0,0.0,21.7,8.3,300.0,350.0,7.2,12.5,1.0,,,,1.0
2024-04-21,-44.0,10156.0,10108.0,33.0,2.4,,0.0,39.0,30.0,53.0,0.0,0.0,12.2,5.6,270.0,280.0,6.3,9.8,,,,,
2024-04-22,-44.0,10179.0,10129.0,50.0,1.8,,0.0,36.0,17.0,52.0,0.0,0.0,17.8,5.6,300.0,50.0,5.8,9.8,,,,,
2024-04-23,-17.0,10190.0,10139.0,61.0,2.2,,0.0,40.0,25.0,54.0,0.0,0.0,18.3,7.8,160.0,170.0,7.6,14.3,,,,,
2024-04-24,33.0,10129.0,10071.0,94.0,2.2,,0.0,46.0,27.0,66.0,0.0,0.0,23.3,10.0,300.0,290.0,7.6,13.9,,,1.0,,
2024-04-25,-39.0,10261.0,10213.0,39.0,2.5,,0.0,42.0,12.0,71.0,0.0,0.0,15.6,6.1,50.0,40.0,8.1,12.5,,,,,
2024-04-26,-17.0,10312.0,10264.0,56.0,2.0,,0.0,44.0,27.0,71.0,0.0,0.0,18.3,6.1,140.0,210.0,5.4,10.3,,,,,
2024-04-27,-6.0,10312.0,10264.0,67.0,1.4,,0.0,46.0,23.0,66.0,0.0,0.0,17.8,7.8,180.0,170.0,5.4,9.8,,,,,
2024-04-28,106.0,10203.0,10159.0,139.0,0.6,,0.3,62.0,40.0,84.0,0.0,0.0,26.1,11.1,190.0,210.0,4.0,6.7,1.0,,,,1.0
2024-04-29,156.0,10152.0,10105.0,178.0,1.5,,0.5,67.0,40.0,84.0,0.0,0.0,30.6,17.2,120.0,120.0,5.4,11.6,1.0,,,,1.0
2024-04-30,100.0,10132.0,10081.0,122.0,3.3,,0.8,76.0,61.0,89.0,0.0,0.0,18.9,11.1,50.0,50.0,6.7,10.3,1.0,,,,1.0
2024-05-01,106.0,10135.0,10088.0,133.0,1.3,,0.5,71.0,42.0,90.0,0.0,0.0,26.7,11.7,130.0,120.0,4.5,8.9,1.0,,,,1.0
2024-05-02,117.0,10142.0,10095.0,144.0,1.6,,0.0,66.0,40.0,90.0,0.0,0.0,26.1,11.7,30.0,30.0,6.3,10.7,1.0,,,,1.0
2024-05-03,78.0,10217.0,10169.0,111.0,2.4,,0.0,69.0,52.0,81.0,0.0,0.0,18.3,11.1,60.0,80.0,6.7,9.8,,,,,
2024-05-04,61.0,10257.0,10210.0,94.0,2.2,,0.0,66.0,52.0,80.0,0.0,0.0,17.2,9.4,120.0,100.0,4.5,9.4,,,,,
2024-05-05,83.0,10234.0,10179.0,94.0,2.1,,7.9,87.0,74.0,97.0,0.0,0.0,12.2,9.4,130.0,130.0,5.4,9.8,1.0,,,,1.0
2024-05-06,144.0,10146.0,10108.0,156.0,1.0,,0.0,82.0,66.0,96.0,0.0,0.0,23.3,11.7,210.0,250.0,3.6,5.8,1.0,,,,1.0
2024-05-07,89.0,10078.0,10030.0,144.0,1.5,,0.0,47.0,29.0,90.0,0.0,0.0,26.7,15.0,30.0,130.0,5.4,8.5,,,,,
2024-05-08,139.0,10020.0,9976.0,178.0,1.7,,5.3,58.0,29.0,93.0,0.0,0.0,28.9,18.3,240.0,210.0,5.8,11.6,1.0,,,,1.0
2024-05-09,83.0,10064.0,10017.0,128.0,2.6,,0.0,53.0,44.0,72.0,0.0,0.0,21.1,13.3,300.0,120.0,5.8,9.4,,,,,
2024-05-10,78.0,10085.0,10037.0,89.0,2.7,,5.8,84.0,66.0,93.0,0.0,0.0,13.3,8.9,60.0,40.0,7.2,11.2,1.0,,,,
2024-05-11,50.0,10108.0,10058.0,89.0,1.4,,0.0,65.0,35.0,93.0,0.0,0.0,17.8,8.3,50.0,190.0,5.8,11.2,1.0,,,,
2024-05-12,72.0,10132.0,10081.0,89.0,1.2,,3.8,81.0,67.0,93.0,0.0,0.0,13.9,8.9,250.0,220.0,4.0,7.2,1.0,,,,
2024-05-13,94.0,10173.0,10129.0,111.0,1.7,,0.0,75.0,60.0,86.0,0.0,0.0,18.3,9.4,220.0,250.0,4.5,7.6,,,,,1.0
2024-05-14,122.0,10152.0,10102.0,144.0,0.8,,0.8,72.0,57.0,90.0,0.0,0.0,22.2,12.8,180.0,220.0,3.6,7.2,1.0,,,,
2024-05-15,144.0,10091.0,10051.0,150.0,3.4,,7.1,90.0,78.0,96.0,0.0,0.0,17.8,15.0,40.0,70.0,7.6,14.8,1.0,,,,
2024-05-16,133.0,10068.0,10010.0,150.0,3.7,,6.9,84.0,68.0,93.0,0.0,0.0,17.8,15.0,50.0,40.0,7.6,13.0,1.0,,,,
2024-05-17,117.0,10139.0,10085.0,144.0,2.0,,0.0,66.0,47.0,87.0,0.0,0.0,22.2,14.4,60.0,60.0,8.1,12.5,1.0,,,,
2024-05-18,122.0,10149.0,10102.0,144.0,1.7,,1.0,74.0,54.0,93.0,0.0,0.0,20.6,15.0,60.0,80.0,4.5,6.7,1.0,,,,
2024-05-19,122.0,10156.0,10108.0,150.0,1.9,,0.0,71.0,52.0,90.0,0.0,0.0,23.9,13.3,80.0,50.0,5.8,8.9,,,,,
2024-05-20,122.0,10166.0,10119.0,144.0,1.6,,0.0,72.0,48.0,90.0,0.0,0.0,23.3,12.8,150.0,130.0,4.0,8.9,1.0,,,,
2024-05-21,150.0,10149.0,10102.0,172.0,1.3,,0.0,67.0,49.0,90.0,0.0,0.0,28.3,14.4,240.0,110.0,4.0,7.2,,,,,1.0
2024-05-22,156.0,10135.0,10088.0,183.0,2.3,,0.0,61.0,46.0,73.0,0.0,0.0,28.9,19.4,250.0,200.0,4.5,9.8,,,,,
2024-05-23,172.0,10112.0,10068.0,194.0,1.3,,19.8,71.0,60.0,93.0,0.0,0.0,26.1,19.4,260.0,260.0,5.4,10.7,1.0,1.0,1.0,,
2024-05-24,106.0,10102.0,10054.0,167.0,1.1,,0.0,45.0,22.0,81.0,0.0,0.0,28.9,20.0,280.0,290.0,5.4,8.9,,,,,
2024-05-25,106.0,10112.0,10064.0,156.0,1.1,,0.0,49.0,31.0,76.0,0.0,0.0,27.2,18.9,130.0,340.0,4.5,7.6,,,,,
2024-05-26,172.0,10125.0,10078.0,189.0,1.3,,0.0,76.0,54.0,90.0,0.0,0.0,27.8,18.3,140.0,180.0,3.6,8.5,1.0,,,,1.0
2024-05-27,189.0,10091.0,10041.0,194.0,1.3,,24.4,92.0,79.0,97.0,0.0,0.0,22.8,18.9,140.0,190.0,5.4,11.2,1.0,1.0,1.0,,
2024-05-28,139.0,10071.0,10020.0,172.0,2.9,,0.0,62.0,39.0,93.0,0.0,0.0,26.1,18.3,300.0,220.0,7.2,13.0,1.0,,,,
2024-05-29,111.0,10125.0,10078.0,144.0,1.6,,16.5,59.0,45.0,93.0,0.0,0.0,24.4,15.6,220.0,220.0,7.6,13.4,1.0,,1.0,,
2024-05-30,72.0,10146.0,10091.0,122.0,2.2,,4.6,52.0,40.0,78.0,0.0,0.0,21.7,13.9,50.0,10.0,6.7,8.9,,,,,1.0
2024-05-31,61.0,10200.0,10152.0,128.0,2.0,,0.0,41.0,29.0,60.0,0.0,0.0,23.9,15.0,300.0,240.0,5.4,9.8,,,,,
2024-06-01,67.0,10200.0,10152.0,139.0,1.3,,0.0,37.0,25.0,52.0,0.0,0.0,28.3,15.6,290.0,210.0,4.0,7.6,,,,,
2024-06-02,122.0,10163.0,10115.0,167.0,1.1,,0.0,51.0,42.0,56.0,0.0,0.0,27.2,19.4,230.0,230.0,4.5,8.5,,,,,
2024-06-03,144.0,10129.0,10081.0,183.0,1.3,,0.0,52.0,33.0,66.0,0.0,0.0,30.0,22.2,50.0,40.0,4.5,6.3,,,,,1.0
2024-06-04,167.0,10159.0,10108.0,189.0,1.3,,0.0,72.0,52.0,90.0,0.0,0.0,26.1,18.3,60.0,120.0,4.0,7.2,1.0,,,,1.0
2024-06-05,194.0,10119.0,10075.0,206.0,1.1,,0.0,85.0,74.0,97.0,0.0,0.0,26.1,18.3,130.0,180.0,4.5,9.8,1.0,,,,1.0
2024-06-06,217.0,10010.0,9970.0,222.0,0.9,,19.6,93.0,72.0,100.0,0.0,0.0,27.2,20.0,300.0,310.0,7.2,11.2,1.0,1.0,1.0,,1.0
2024-06-07,150.0,10027.0,9980.0,183.0,1.5,,0.0,63.0,42.0,100.0,0.0,0.0,27.8,18.9,290.0,290.0,7.6,14.3,1.0,,,,
2024-06-08,117.0,10075.0,10027.0,156.0,2.5,,0.0,53.0,40.0,73.0,0.0,0.0,24.4,17.2,290.0,250.0,6.7,12.5,,,,,
2024-06-09,122.0,10027.0,9980.0,161.0,2.2,,0.0,57.0,38.0,73.0,0.0,0.0,23.3,18.3,300.0,220.0,6.3,13.9,,,,,
2024-06-10,106.0,10051.0,10003.0,144.0,2.7,,0.0,55.0,46.0,67.0,0.0,0.0,23.9,16.7,300.0,310.0,5.8,9.8,,,,,
2024-06-11,122.0,10132.0,10085.0,156.0,1.4,,0.0,65.0,52.0,80.0,0.0,0.0,22.8,15.0,50.0,50.0,4.0,6.3,,,,,
2024-06-12,139.0,10163.0,10115.0,167.0,1.0,,0.0,66.0,48.0,81.0,0.0,0.0,24.4,16.1,250.0,290.0,3.6,5.8,,,,,
2024-06-13,156.0,10152.0,10105.0,183.0,1.4,,0.0,62.0,40.0,90.0,0.0,0.0,28.9,18.3,220.0,200.0,5.4,8.9,,,,,
2024-06-14,189.0,10115.0,10068.0,200.0,1.5,,7.1,79.0,59.0,100.0,0.0,0.0,29.4,18.3,290.0,290.0,7.6,14.8,1.0,1.0,1.0,,
2024-06-15,122.0,10156.0,10108.0,167.0,1.6,,0.0,55.0,31.0,97.0,0.0,0.0,26.7,18.3,40.0,60.0,6.3,9.4,,,,,
2024-06-16,122.0,10234.0,10179.0,156.0,2.3,,0.0,62.0,40.0,90.0,0.0,0.0,25.6,17.2,50.0,40.0,5.8,8.9,,,,,
2024-06-17,183.0,10217.0,10169.0,200.0,1.3,,0.0,71.0,55.0,97.0,0.0,0.0,28.3,18.3,220.0,120.0,4.0,8.5,,,,,
2024-06-18,194.0,10237.0,10190.0,217.0,1.4,,0.0,68.0,52.0,84.0,0.0,0.0,30.0,21.7,140.0,200.0,4.0,8.5,,,,,
2024-06-19,178.0,10268.0,10217.0,206.0,1.1,,0.0,64.0,39.0,79.0,0.0,0.0,31.7,22.2,220.0,200.0,4.0,8.5,,,,,
2024-06-20,178.0,10247.0,10200.0,211.0,1.5,,0.0,57.0,42.0,69.0,0.0,0.0,32.8,22.2,210.0,230.0,4.0,7.6,,,,,
2024-06-21,194.0,10203.0,10156.0,222.0,1.6,,0.0,58.0,44.0,79.0,0.0,0.0,34.4,24.4,60.0,60.0,7.2,11.6,,,,,
2024-06-22,211.0,10152.0,10102.0,228.0,0.4,,2.8,71.0,49.0,90.0,0.0,0.0,33.9,23.9,340.0,340.0,4.5,8.1,1.0,,1.0,,1.0
2024-06-23,206.0,10058.0,10010.0,228.0,,,0.0,65.0,45.0,87.0,0.0,0.0,33.3,22.8,240.0,260.0,5.4,13.0,,,,,1.0
2024-06-24,139.0,10047.0,9997.0,183.0,,,0.0,50.0,25.0,76.0,0.0,0.0,26.7,22.2,300.0,300.0,8.9,15.7,,,,,
2024-06-25,100.0,10115.0,10068.0,172.0,1.9,,0.0,36.0,23.0,53.0,0.0,0.0,32.2,20.6,310.0,270.0,5.8,9.8,,,,,
2024-06-26,172.0,10068.0,10020.0,206.0,1.8,,2.0,58.0,36.0,90.0,0.0,0.0,33.9,21.1,290.0,290.0,9.4,20.6,1.0,,1.0,,
2024-06-27,144.0,10088.0,10034.0,178.0,2.6,,5.8,58.0,34.0,93.0,0.0,0.0,28.9,19.4,300.0,320.0,5.8,9.8,1.0,,1.0,,
2024-06-28,67.0,10203.0,10156.0,133.0,1.6,,0.0,40.0,21.0,57.0,0.0,0.0,26.1,17.8,60.0,130.0,5.4,8.9,,,,,
2024-06-29,183.0,10200.0,10156.0,200.0,1.9,,1.5,76.0,63.0,94.0,0.0,0.0,26.1,18.9,180.0,220.0,5.8,11.6,1.0,,,,
2024-06-30,217.0,10125.0,10075.0,222.0,2.2,,4.6,83.0,59.0,94.0,0.0,0.0,29.4,21.1,300.0,310.0,6.7,10.3,1.0,,1.0,,1.0
2024-07-01,117.0,10169.0,10112.0,161.0,2.7,,0.0,51.0,40.0,68.0,0.0,0.0,27.2,17.8,40.0,20.0,6.7,12.5,,,,,
2024-07-02,100.0,10234.0,10179.0,161.0,1.4,,0.0,43.0,23.0,61.0,0.0,0.0,30.0,18.9,50.0,50.0,4.0,7.6,,,,,
2024-07-03,117.0,10210.0,10163.0,167.0,1.7,,0.0,47.0,35.0,61.0,0.0,0.0,28.3,20.6,200.0,200.0,4.5,10.7,,,,,
2024-07-04,183.0,10135.0,10081.0,206.0,1.3,,1.0,68.0,53.0,94.0,0.0,0.0,31.7,21.1,130.0,210.0,4.0,8.1,1.0,1.0,,,1.0
2024-07-05,228.0,10091.0,10047.0,239.0,0.7,,2.5,81.0,56.0,94.0,0.0,0.0,32.2,23.3,150.0,130.0,4.5,8.9,1.0,1.0,1.0,,1.0
2024-07-06,228.0,10105.0,10058.0,239.0,0.6,,1.3,77.0,56.0,94.0,0.0,0.0,33.3,22.8,140.0,120.0,4.5,8.1,1.0,,1.0,,
2024-07-07,194.0,10149.0,10102.0,228.0,1.8,,0.0,58.0,37.0,79.0,0.0,0.0,33.9,26.1,50.0,360.0,4.0,7.2,,,,,1.0
2024-07-08,211.0,10163.0,10115.0,233.0,0.9,,0.0,65.0,40.0,85.0,0.0,0.0,35.0,25.0,70.0,180.0,4.0,6.7,,,,,1.0
2024-07-09,222.0,10139.0,10091.0,239.0,1.0,,0.0,71.0,55.0,88.0,0.0,0.0,31.7,23.9,230.0,170.0,4.0,8.5,1.0,,,,
2024-07-10,222.0,10105.0,10058.0,239.0,1.4,,0.0,70.0,58.0,79.0,0.0,0.0,32.8,25.6,180.0,180.0,5.8,13.0,,,,,
2024-07-11,189.0,10135.0,10078.0,217.0,2.1,,2.8,62.0,42.0,94.0,0.0,0.0,31.7,23.9,230.0,230.0,6.3,10.7,1.0,,,,
2024-07-12,206.0,10207.0,10156.0,222.0,0.6,,1.5,73.0,58.0,90.0,0.0,0.0,28.9,22.2,210.0,190.0,3.6,6.7,1.0,,,,
2024-07-13,217.0,10196.0,10156.0,228.0,0.7,,52.3,78.0,53.0,97.0,0.0,0.0,30.6,22.2,130.0,230.0,3.6,6.3,1.0,1.0,,,
2024-07-14,200.0,10159.0,10112.0,228.0,1.1,,0.0,65.0,43.0,82.0,0.0,0.0,32.2,23.9,220.0,220.0,4.5,10.7,,,1.0,,
2024-07-15,217.0,10105.0,10064.0,239.0,1.1,,3.0,68.0,41.0,94.0,0.0,0.0,32.8,22.8,260.0,230.0,4.5,9.8,1.0,,1.0,,1.0
2024-07-16,200.0,10088.0,10041.0,233.0,1.7,,0.0,55.0,46.0,72.0,0.0,0.0,34.4,25.6,240.0,200.0,6.3,13.0,,,,,
2024-07-17,211.0,10095.0,10054.0,233.0,1.3,,37.1,69.0,52.0,94.0,0.0,0.0,32.2,22.2,240.0,290.0,6.3,10.7,1.0,1.0,,,
2024-07-18,172.0,10125.0,10071.0,200.0,1.2,,0.0,62.0,38.0,94.0,0.0,0.0,30.0,22.2,300.0,290.0,4.5,8.1,1.0,,,,
2024-07-19,122.0,10190.0,10142.0,172.0,1.3,,0.0,49.0,33.0,63.0,0.0,0.0,28.3,19.4,50.0,40.0,4.0,7.2,,,,,
2024-07-20,167.0,10186.0,10139.0,200.0,0.9,,0.0,61.0,51.0,71.0,0.0,0.0,28.3,21.7,210.0,220.0,5.4,8.9,,,,,
2024-07-21,183.0,10166.0,10119.0,211.0,1.2,,0.0,63.0,40.0,81.0,0.0,0.0,31.1,22.8,60.0,220.0,3.6,6.7,,,,,
2024-07-22,200.0,10173.0,10122.0,217.0,1.2,,0.3,73.0,62.0,85.0,0.0,0.0,28.9,21.7,140.0,130.0,4.0,8.5,1.0,,,,
2024-07-23,206.0,10169.0,10119.0,217.0,1.8,,2.8,84.0,71.0,94.0,0.0,0.0,27.2,21.7,60.0,90.0,4.5,6.7,1.0,,,,
2024-07-24,211.0,10190.0,10146.0,222.0,1.9,,0.0,80.0,71.0,88.0,0.0,0.0,27.2,22.8,60.0,100.0,4.5,7.6,1.0,,,,1.0
2024-07-25,172.0,10173.0,10125.0,206.0,1.3,,0.0,61.0,42.0,88.0,0.0,0.0,28.3,22.2,270.0,260.0,4.5,8.9,,,,,
2024-07-26,111.0,10186.0,10139.0,167.0,2.3,,0.0,45.0,33.0,61.0,0.0,0.0,28.9,19.4,30.0,60.0,6.7,10.7,,,,,
2024-07-27,128.0,10200.0,10152.0,178.0,1.6,,0.0,48.0,30.0,68.0,0.0,0.0,30.6,20.6,50.0,50.0,4.0,7.2,,,,,
2024-07-28,144.0,10190.0,10142.0,189.0,1.7,,0.0,53.0,36.0,69.0,0.0,0.0,31.7,21.1,70.0,170.0,5.4,6.7,,,,,
2024-07-29,194.0,10146.0,10098.0,211.0,1.3,,1.3,73.0,53.0,88.0,0.0,0.0,28.9,20.0,60.0,130.0,5.4,7.2,1.0,,1.0,,1.0
2024-07-30,206.0,10139.0,10091.0,228.0,1.3,,0.0,72.0,55.0,85.0,0.0,0.0,31.1,23.9,140.0,170.0,5.4,11.2,1.0,,,,
2024-07-31,211.0,10119.0,10071.0,228.0,1.5,,0.8,70.0,48.0,91.0,0.0,0.0,31.7,22.8,300.0,290.0,6.7,12.5,,,1.0,,
2024-08-01,200.0,10132.0,10085.0,228.0,0.9,,0.0,59.0,38.0,79.0,0.0,0.0,35.0,24.4,270.0,260.0,4.0,7.2,,,,,
2024-08-02,222.0,10112.0,10064.0,239.0,1.1,,13.2,71.0,49.0,94.0,0.0,0.0,33.3,23.3,140.0,190.0,5.4,10.7,1.0,1.0,1.0,,1.0
2024-08-03,217.0,10098.0,10051.0,233.0,1.8,,18.5,78.0,54.0,94.0,0.0,0.0,33.9,22.8,230.0,200.0,6.3,9.8,1.0,1.0,1.0,,1.0
2024-08-04,217.0,10132.0,10085.0,222.0,1.4,,4.3,86.0,72.0,94.0,0.0,0.0,28.3,21.7,240.0,220.0,4.0,7.6,1.0,,1.0,,
2024-08-05,194.0,10152.0,10105.0,222.0,1.2,,0.0,63.0,36.0,88.0,0.0,0.0,32.2,22.8,170.0,120.0,3.6,8.5,,,,,
2024-08-06,217.0,10132.0,10085.0,233.0,1.5,,52.8,78.0,55.0,97.0,0.0,0.0,32.2,22.2,50.0,260.0,5.4,8.5,1.0,,1.0,,
2024-08-07,178.0,10152.0,10098.0,189.0,3.7,,3.3,90.0,81.0,94.0,0.0,0.0,22.2,17.8,50.0,40.0,7.2,12.5,1.0,,,,
2024-08-08,183.0,10183.0,10135.0,189.0,3.2,,9.1,91.0,81.0,96.0,0.0,0.0,21.1,18.3,60.0,100.0,5.8,9.8,1.0,,,,
2024-08-09,228.0,10115.0,10064.0,239.0,2.7,,2.8,90.0,82.0,97.0,0.0,0.0,26.7,21.1,160.0,200.0,6.7,14.3,1.0,,,,
2024-08-10,167.0,10129.0,10078.0,200.0,2.0,,0.0,56.0,41.0,91.0,0.0,0.0,29.4,22.8,270.0,270.0,5.4,8.9,1.0,,,,
2024-08-11,133.0,10152.0,10105.0,178.0,1.3,,0.0,53.0,41.0,71.0,0.0,0.0,26.7,20.6,300.0,300.0,5.4,8.9,,,,,
2024-08-12,128.0,10149.0,10098.0,167.0,1.5,,0.0,55.0,43.0,68.0,0.0,0.0,27.2,18.9,350.0,360.0,5.8,9.4,,,,,
2024-08-13,128.0,10163.0,10115.0,167.0,1.6,,0.0,53.0,39.0,70.0,0.0,0.0,27.2,17.8,300.0,300.0,5.8,8.9,,,,,
2024-08-14,144.0,10173.0,10125.0,183.0,1.4,,0.0,56.0,34.0,79.0,0.0,0.0,29.4,19.4,90.0,90.0,6.7,9.8,,,,,
2024-08-15,144.0,10169.0,10125.0,183.0,0.4,,0.0,52.0,32.0,73.0,0.0,0.0,30.0,20.0,290.0,10.0,3.6,5.8,,,,,
2024-08-16,178.0,10169.0,10119.0,206.0,1.4,,0.0,65.0,42.0,81.0,0.0,0.0,30.6,21.1,130.0,140.0,4.0,8.1,,,,,
2024-08-17,189.0,10152.0,10108.0,206.0,1.6,,1.0,78.0,67.0,91.0,0.0,0.0,26.1,19.4,130.0,120.0,4.5,8.9,1.0,,,,1.0
2024-08-18,211.0,10098.0,10054.0,217.0,1.4,,58.2,89.0,71.0,94.0,0.0,0.0,27.2,20.6,290.0,230.0,5.8,11.2,1.0,1.0,1.0,,1.0
2024-08-19,167.0,10095.0,10010.0,194.0,1.3,,6.4,67.0,33.0,93.0,0.0,0.0,28.9,20.0,300.0,300.0,6.3,10.7,1.0,,,,
2024-08-20,89.0,10122.0,10071.0,133.0,2.6,,0.0,52.0,39.0,66.0,0.0,0.0,22.2,16.1,290.0,300.0,5.8,9.8,,,,,
2024-08-21,83.0,10173.0,10125.0,128.0,2.6,,0.0,54.0,41.0,70.0,0.0,0.0,22.8,13.9,310.0,280.0,5.8,10.7,,,,,
2024-08-22,100.0,10213.0,10166.0,144.0,1.5,,0.0,54.0,38.0,72.0,0.0,0.0,24.4,15.0,300.0,280.0,5.8,8.5,,,,,
2024-08-23,111.0,10247.0,10196.0,156.0,1.2,,0.0,52.0,30.0,73.0,0.0,0.0,26.7,16.7,280.0,280.0,5.4,8.5,,,,,
2024-08-24,128.0,10237.0,10190.0,172.0,0.6,,0.0,53.0,32.0,75.0,0.0,0.0,28.3,18.3,220.0,220.0,3.6,6.3,,,,,
2024-08-25,156.0,10227.0,10179.0,189.0,1.2,,0.0,58.0,40.0,70.0,0.0,0.0,29.4,20.0,230.0,230.0,4.5,7.2,,,,,
2024-08-26,172.0,10200.0,10152.0,200.0,1.0,,1.0,67.0,42.0,93.0,0.0,0.0,29.4,20.6,50.0,40.0,5.4,7.2,1.0,,1.0,,
2024-08-27,172.0,10183.0,10139.0,194.0,1.1,,0.0,65.0,44.0,87.0,0.0,0.0,30.0,19.4,230.0,230.0,4.5,8.5,,,,,
2024-08-28,194.0,10146.0,10098.0,222.0,2.2,,0.0,62.0,47.0,74.0,0.0,0.0,32.8,23.3,50.0,80.0,6.3,9.4,,,,,
2024-08-29,167.0,10227.0,10179.0,189.0,2.9,,0.0,65.0,58.0,69.0,0.0,0.0,27.8,21.1,60.0,80.0,7.2,10.7,,,,,
2024-08-30,150.0,10244.0,10196.0,172.0,2.4,,7.6,73.0,61.0,96.0,0.0,0.0,23.3,16.1,70.0,60.0,5.4,8.9,1.0,,,,
2024-08-31,183.0,10179.0,10139.0,194.0,0.9,1804.0,0.0,77.0,69.0,82.0,0.0,0.0,25.0,19.4,130.0,180.0,3.6,6.7,,,,,
2024-09-01,200.0,10119.0,10071.0,217.0,1.2,,0.0,76.0,64.0,85.0,0.0,0.0,27.2,22.8,240.0,280.0,4.0,6.3,,,,,
2024-09-02,100.0,10166.0,10119.0,150.0,2.0,,0.0,48.0,32.0,66.0,0.0,0.0,26.1,17.2,330.0,250.0,5.4,10.3,,,,,
2024-09-03,61.0,10264.0,10217.0,122.0,1.8,,0.0,46.0,28.0,67.0,0.0,0.0,23.3,14.4,30.0,20.0,6.3,9.4,,,,,
2024-09-04,89.0,10301.0,10251.0,139.0,0.9,,0.0,52.0,36.0,73.0,0.0,0.0,25.0,15.0,50.0,60.0,4.5,6.3,,,,,
2024-09-05,117.0,10274.0,10224.0,156.0,2.0,,0.0,60.0,43.0,75.0,0.0,0.0,25.0,16.1,70.0,50.0,5.8,8.5,,,,,
2024-09-06,156.0,10186.0,10142.0,178.0,1.5,,0.0,71.0,57.0,81.0,0.0,0.0,25.6,17.2,60.0,200.0,5.8,8.9,,,,,
2024-09-07,161.0,10112.0,10061.0,172.0,1.5,,6.1,82.0,68.0,93.0,0.0,0.0,24.4,15.0,300.0,250.0,5.4,10.3,1.0,,,,
2024-09-08,67.0,10156.0,10108.0,117.0,2.2,,0.0,52.0,36.0,84.0,0.0,0.0,20.6,12.8,250.0,240.0,6.3,11.2,,,,,
2024-09-09,72.0,10183.0,10135.0,128.0,1.1,,0.0,47.0,33.0,62.0,0.0,0.0,23.9,12.8,250.0,250.0,4.5,8.9,,,,,
2024-09-10,94.0,10186.0,10139.0,144.0,1.9,,0.0,48.0,35.0,63.0,0.0,0.0,25.6,16.7,300.0,300.0,4.0,6.7,,,,,
2024-09-11,83.0,10224.0,10176.0,139.0,1.0,,0.0,50.0,18.0,81.0,0.0,0.0,26.1,15.0,50.0,60.0,3.6,5.4,,,,,
2024-09-12,144.0,10240.0,10193.0,167.0,0.8,,0.0,69.0,43.0,90.0,0.0,0.0,26.7,16.7,140.0,120.0,4.0,7.2,1.0,,,,1.0
2024-09-13,144.0,10240.0,10190.0,178.0,0.6,,0.0,66.0,34.0,90.0,0.0,0.0,27.8,17.2,60.0,110.0,3.1,6.3,1.0,,,,1.0
2024-09-14,156.0,10240.0,10190.0,183.0,1.2,,0.0,66.0,41.0,87.0,0.0,0.0,28.3,18.3,50.0,40.0,5.4,7.6,,,,,
2024-09-15,139.0,10271.0,10224.0,172.0,2.1,,0.0,63.0,45.0,84.0,0.0,0.0,26.7,17.2,50.0,40.0,5.8,8.1,,,,,
2024-09-16,122.0,10261.0,10213.0,156.0,2.3,,0.0,64.0,31.0,84.0,0.0,0.0,25.0,15.6,50.0,60.0,5.4,7.6,,,,,
2024-09-17,150.0,10227.0,10179.0,178.0,2.1,,0.0,67.0,54.0,84.0,0.0,0.0,26.1,18.3,60.0,110.0,4.0,6.7,,,,,
2024-09-18,161.0,10176.0,10135.0,178.0,2.9,,0.0,71.0,54.0,84.0,0.0,0.0,23.9,19.4,60.0,70.0,5.8,9.8,,,,,
2024-09-19,139.0,10122.0,10075.0,178.0,2.4,,0.0,55.0,33.0,76.0,0.0,0.0,28.9,19.4,60.0,60.0,5.8,8.9,,,,,
2024-09-20,150.0,10139.0,10085.0,178.0,3.0,,0.0,63.0,45.0,73.0,0.0,0.0,27.2,19.4,50.0,50.0,7.6,9.8,,,,,
2024-09-21,122.0,10156.0,10105.0,156.0,3.0,,0.0,60.0,45.0,76.0,0.0,0.0,26.1,17.2,50.0,50.0,5.8,8.9,,,,,
2024-09-22,106.0,10166.0,10115.0,144.0,2.7,,0.0,58.0,44.0,73.0,0.0,0.0,23.3,16.1,60.0,50.0,6.3,11.6,,,,,
2024-09-23,106.0,10183.0,10132.0,139.0,2.6,,1.0,66.0,56.0,90.0,0.0,0.0,19.4,15.0,60.0,50.0,7.2,9.8,1.0,,,,
2024-09-24,111.0,10210.0,10152.0,144.0,2.5,,0.0,63.0,32.0,80.0,0.0,0.0,20.0,15.0,70.0,70.0,5.8,8.1,,,,,
2024-09-25,122.0,10210.0,10163.0,150.0,2.2,,0.0,69.0,63.0,78.0,0.0,0.0,20.0,16.7,80.0,,3.6,,,,,,
2024-09-26,189.0,10179.0,10129.0,194.0,0.9,1058.0,2.0,85.0,53.0,94.0,0.0,0.0,23.3,17.8,100.0,180.0,3.6,5.8,1.0,,,,1.0
2024-09-27,161.0,10159.0,10112.0,178.0,1.8,210.0,4.6,77.0,61.0,93.0,0.0,0.0,23.3,17.2,70.0,50.0,6.3,10.3,1.0,,,,
2024-09-28,156.0,10146.0,10095.0,167.0,3.9,1703.0,6.6,89.0,73.0,93.0,0.0,0.0,20.0,16.1,60.0,60.0,7.6,11.6,1.0,,,,
2024-09-29,150.0,10163.0,10115.0,156.0,2.6,258.0,19.8,91.0,80.0,93.0,0.0,0.0,17.2,15.6,50.0,80.0,5.4,9.8,1.0,,,,
2024-09-30,128.0,10173.0,10122.0,150.0,2.3,1307.0,0.0,71.0,51.0,90.0,0.0,0.0,22.2,15.6,60.0,70.0,6.3,9.4,,,,,
2024-10-01,128.0,10173.0,10125.0,150.0,2.8,,0.0,75.0,65.0,84.0,0.0,0.0,20.6,15.6,60.0,60.0,6.3,9.8,,,,,
2024-10-02,111.0,10163.0,10115.0,139.0,1.9,,0.0,68.0,55.0,81.0,0.0,0.0,20.0,14.4,60.0,60.0,5.4,7.6,,,,,
2024-10-03,117.0,10207.0,10152.0,144.0,0.4,,0.0,64.0,29.0,76.0,0.0,0.0,22.2,16.7,140.0,130.0,3.1,5.8,,,,,
2024-10-04,133.0,10220.0,10173.0,161.0,0.5,,0.0,71.0,63.0,84.0,0.0,0.0,22.8,15.6,130.0,120.0,3.1,6.7,,,,,1.0
2024-10-05,100.0,10207.0,10159.0,139.0,1.9,,0.0,56.0,35.0,84.0,0.0,0.0,23.9,16.1,50.0,70.0,5.4,9.4,,,,,
2024-10-06,100.0,10179.0,10129.0,133.0,1.1,,0.0,63.0,50.0,78.0,0.0,0.0,21.7,12.8,240.0,240.0,4.0,8.9,,,,,
2024-10-07,100.0,10105.0,10054.0,139.0,2.5,,0.0,57.0,32.0,84.0,0.0,0.0,23.9,14.4,300.0,320.0,5.8,10.3,,,,,
2024-10-08,44.0,10125.0,10075.0,100.0,1.3,,0.0,49.0,32.0,72.0,0.0,0.0,20.0,11.7,320.0,310.0,5.4,8.1,,,,,
2024-10-09,33.0,10129.0,10075.0,100.0,1.6,,0.0,43.0,28.0,60.0,0.0,0.0,20.0,12.2,310.0,310.0,6.7,10.7,,,,,
2024-10-10,17.0,10176.0,10129.0,72.0,2.8,,0.0,50.0,36.0,61.0,0.0,0.0,16.7,9.4,300.0,300.0,6.3,10.7,,,,,
2024-10-11,,,,,1.9,,0.0,,,,0.0,0.0,20.0,7.8,230.0,240.0,5.4,10.7,,,,,
2024-10-12,28.0,10132.0,10081.0,106.0,2.2,,0.0,37.0,22.0,52.0,0.0,0.0,23.3,13.3,300.0,310.0,6.7,12.5,,,,,
2024-10-13,89.0,10095.0,10058.0,128.0,2.2,,0.0,62.0,41.0,87.0,0.0,0.0,20.6,12.8,60.0,90.0,5.4,8.5,,,,,
2024-10-14,50.0,10054.0,9997.0,94.0,2.7,,0.0,60.0,30.0,83.0,0.0,0.0,18.9,8.9,280.0,280.0,8.1,15.7,,,,,1.0
2024-10-15,6.0,10119.0,10064.0,61.0,2.6,,0.0,51.0,34.0,68.0,0.0,0.0,13.9,7.2,300.0,270.0,5.8,10.7,,,,,
2024-10-16,0.0,10176.0,10112.0,56.0,2.8,,0.0,50.0,36.0,65.0,0.0,0.0,15.0,6.7,300.0,260.0,6.7,10.3,,,,,
2024-10-17,-6.0,10234.0,10186.0,61.0,2.3,,0.0,47.0,32.0,74.0,0.0,0.0,14.4,6.1,40.0,360.0,6.3,9.4,,,,,
2024-10-18,11.0,10288.0,10240.0,83.0,1.9,,0.0,43.0,21.0,64.0,0.0,0.0,18.9,8.9,50.0,50.0,5.8,9.8,,,,,
2024-10-19,39.0,10312.0,10271.0,100.0,0.6,,0.0,49.0,25.0,71.0,0.0,0.0,21.7,10.0,270.0,340.0,2.7,4.5,,,,,
2024-10-20,33.0,10254.0,10213.0,100.0,0.7,,0.0,43.0,25.0,75.0,0.0,0.0,22.8,11.1,250.0,240.0,3.1,5.8,,,,,
2024-10-21,39.0,10220.0,10169.0,117.0,1.2,,0.0,36.0,25.0,48.0,0.0,0.0,26.1,13.9,290.0,220.0,3.6,5.4,,,,,
2024-10-22,94.0,10234.0,10183.0,144.0,0.6,,0.0,49.0,32.0,67.0,0.0,0.0,27.2,16.7,130.0,120.0,3.6,5.8,,,,,
2024-10-23,117.0,10166.0,10129.0,150.0,0.9,,0.0,61.0,44.0,73.0,0.0,0.0,23.9,15.0,210.0,200.0,4.5,8.9,,,,,
2024-10-24,56.0,10139.0,10085.0,111.0,2.2,,0.0,47.0,32.0,67.0,0.0,0.0,20.6,11.7,350.0,10.0,5.8,9.4,,,,,
2024-10-25,17.0,10190.0,10146.0,78.0,1.3,,0.0,48.0,29.0,66.0,0.0,0.0,16.7,7.8,40.0,40.0,5.4,9.8,,,,,
2024-10-26,0.0,10203.0,10152.0,78.0,2.4,,0.0,38.0,24.0,55.0,0.0,0.0,17.8,10.6,310.0,300.0,7.6,13.9,,,,,
2024-10-27,-28.0,10281.0,10230.0,50.0,1.3,,0.0,42.0,17.0,61.0,0.0,0.0,13.9,7.2,300.0,280.0,5.8,9.4,,,,,
2024-10-28,-6.0,10301.0,10251.0,67.0,1.3,,0.0,44.0,30.0,66.0,0.0,0.0,16.1,7.8,130.0,120.0,3.6,6.3,,,,,
2024-10-29,100.0,10301.0,10254.0,122.0,1.4,,0.3,74.0,62.0,87.0,0.0,0.0,17.2,11.1,120.0,130.0,5.8,10.3,1.0,,,,
2024-10-30,111.0,10251.0,10207.0,144.0,1.5,,0.0,62.0,45.0,87.0,0.0,0.0,24.4,14.4,250.0,260.0,4.0,7.6,,,,,
2024-10-31,122.0,10186.0,10142.0,161.0,1.7,,0.0,55.0,39.0,78.0,0.0,0.0,27.2,16.1,210.0,240.0,5.4,8.9,,,,,
2024-11-01,78.0,10149.0,10091.0,139.0,2.8,,0.0,46.0,16.0,63.0,0.0,0.0,26.1,13.9,270.0,240.0,7.2,14.3,,,,,
2024-11-02,6.0,10257.0,10200.0,72.0,1.9,,0.0,45.0,35.0,56.0,0.0,0.0,15.6,8.3,300.0,310.0,5.8,8.1,,,,,
2024-11-03,-50.0,10312.0,10257.0,33.0,2.3,,0.0,40.0,21.0,60.0,0.0,0.0,12.2,5.0,50.0,60.0,6.3,8.9,,,,,
2024-11-04,39.0,10308.0,10264.0,78.0,1.8,,0.0,63.0,47.0,77.0,0.0,0.0,14.4,6.7,140.0,110.0,4.0,7.6,,,,,
2024-11-05,117.0,10224.0,10179.0,144.0,1.5,,0.0,70.0,52.0,87.0,0.0,0.0,22.8,12.2,220.0,240.0,5.4,9.8,,,,,1.0
2024-11-06,133.0,10163.0,10119.0,167.0,1.8,,0.0,57.0,42.0,76.0,0.0,0.0,26.7,17.8,250.0,210.0,5.4,9.8,,,,,
2024-11-07,83.0,10176.0,10122.0,133.0,2.3,,0.0,52.0,34.0,75.0,0.0,0.0,22.8,12.2,310.0,320.0,7.2,11.6,,,,,
2024-11-08,11.0,10146.0,10098.0,83.0,2.4,,0.0,42.0,21.0,64.0,0.0,0.0,20.6,10.0,300.0,310.0,8.9,16.5,,,,,
2024-11-09,-72.0,10261.0,10196.0,33.0,1.9,,0.0,30.0,21.0,43.0,0.0,0.0,12.2,6.1,300.0,290.0,6.3,12.5,,,,,1.0
2024-11-10,6.0,10224.0,10190.0,72.0,1.5,,2.0,49.0,31.0,90.0,0.0,0.0,14.4,7.2,250.0,250.0,5.8,8.9,1.0,,,,
2024-11-11,83.0,10068.0,10024.0,122.0,2.9,,2.5,63.0,40.0,90.0,0.0,0.0,20.0,12.8,230.0,210.0,7.2,13.4,1.0,,,,
2024-11-12,-22.0,10176.0,10102.0,50.0,4.3,,0.0,44.0,35.0,59.0,0.0,0.0,15.0,5.0,300.0,300.0,9.4,16.1,,,,,
2024-11-13,-78.0,10312.0,10257.0,11.0,2.8,,0.0,38.0,25.0,52.0,0.0,0.0,10.0,2.8,50.0,60.0,7.2,10.3,,,,,
2024-11-14,-44.0,10240.0,10193.0,22.0,2.1,,0.0,49.0,38.0,58.0,0.0,0.0,8.3,2.8,60.0,90.0,6.3,10.3,,,,,
2024-11-15,-44.0,10115.0,10068.0,39.0,2.2,,0.0,37.0,26.0,48.0,0.0,0.0,14.4,5.0,300.0,300.0,7.2,10.7,,,,,
2024-11-16,-39.0,10119.0,10068.0,50.0,3.8,,0.0,35.0,21.0,50.0,0.0,0.0,16.7,7.2,300.0,300.0,7.2,13.9,,,,,
2024-11-17,-33.0,10159.0,10108.0,56.0,2.1,,0.0,36.0,17.0,52.0,0.0,0.0,17.2,6.7,300.0,300.0,5.8,9.4,,,,,1.0
2024-11-18,6.0,10115.0,10064.0,78.0,1.9,,0.0,42.0,29.0,53.0,0.0,0.0,18.9,9.4,300.0,290.0,7.2,12.5,,,,,
2024-11-19,6.0,10125.0,10075.0,67.0,1.0,,0.0,47.0,32.0,61.0,0.0,0.0,15.6,8.3,300.0,320.0,4.5,8.1,,,,,
2024-11-20,39.0,10078.0,10024.0,89.0,1.3,,0.0,54.0,44.0,70.0,0.0,0.0,15.6,11.7,100.0,100.0,8.1,15.2,,,,,
2024-11-21,61.0,9990.0,9949.0,72.0,3.1,,39.9,90.0,69.0,93.0,0.0,0.0,12.2,2.8,50.0,60.0,6.7,10.7,1.0,,,,
2024-11-22,11.0,9936.0,9888.0,28.0,2.7,,13.5,83.0,73.0,89.0,0.0,0.0,4.4,2.8,230.0,230.0,7.2,14.3,1.0,,,,
2024-11-23,6.0,10007.0,9953.0,44.0,3.7,,0.5,67.0,52.0,93.0,0.0,0.0,9.4,2.8,290.0,280.0,9.4,17.4,1.0,,,,
2024-11-24,-6.0,10119.0,10068.0,50.0,4.4,,0.0,51.0,38.0,63.0,0.0,0.0,11.7,6.7,280.0,270.0,8.9,14.3,,,,,
2024-11-25,-17.0,10169.0,10119.0,44.0,1.4,,0.0,47.0,31.0,63.0,0.0,0.0,12.2,5.0,290.0,260.0,4.5,8.1,,,,,
2024-11-26,50.0,10115.0,10058.0,89.0,2.1,,4.8,65.0,43.0,90.0,0.0,0.0,14.4,7.8,310.0,310.0,6.3,11.6,1.0,,,,
2024-11-27,-22.0,10159.0,10108.0,39.0,2.0,,0.0,47.0,36.0,58.0,0.0,0.0,11.1,6.1,230.0,220.0,5.4,8.5,,,,,
2024-11-28,28.0,10047.0,10003.0,56.0,2.5,,21.8,77.0,44.0,97.0,0.0,0.0,9.4,5.6,270.0,300.0,7.2,14.3,1.0,,,,
2024-11-29,-33.0,10119.0,10064.0,17.0,2.6,,0.0,57.0,44.0,68.0,0.0,0.0,8.3,1.1,280.0,240.0,6.7,10.7,,,,,
2024-11-30,-94.0,10156.0,10102.0,-22.0,3.4,,0.0,46.0,34.0,56.0,0.0,0.0,3.9,-1.0,270.0,270.0,6.3,11.2,,,,,
2024-12-01,-117.0,10183.0,10132.0,-39.0,3.3,,0.0,42.0,31.0,53.0,0.0,0.0,3.3,-2.7,230.0,230.0,7.6,15.7,,,,,
2024-12-02,-89.0,10203.0,10149.0,-22.0,2.4,1532.0,0.0,48.0,39.0,56.0,0.0,0.0,3.9,-1.6,300.0,310.0,5.8,9.8,,,,,
2024-12-03,-72.0,10237.0,10179.0,-11.0,2.7,1945.0,0.0,51.0,31.0,67.0,0.0,0.0,5.6,0.0,310.0,300.0,7.2,11.6,,,,,
2024-12-04,-72.0,10186.0,10152.0,-11.0,2.0,1945.0,0.3,51.0,36.0,79.0,0.0,0.0,5.6,-1.0,190.0,210.0,7.2,14.3,,,,,
2024-12-05,-44.0,10041.0,9986.0,0.0,3.8,1357.0,2.3,62.0,41.0,86.0,0.0,0.0,4.4,-0.5,280.0,280.0,9.4,17.9,,,,,
2024-12-06,-122.0,10179.0,10119.0,-39.0,3.8,327.0,0.0,39.0,30.0,56.0,0.0,0.0,1.1,-1.0,310.0,320.0,8.1,16.5,,,,,
2024-12-07,-89.0,10186.0,10142.0,-17.0,3.4,2140.0,0.0,44.0,36.0,52.0,0.0,0.0,5.0,-0.5,290.0,230.0,6.3,10.7,,,,,
2024-12-08,-50.0,10105.0,10051.0,28.0,2.7,45.0,0.0,40.0,32.0,48.0,0.0,0.0,12.8,3.3,220.0,240.0,6.7,12.1,,,,,
2024-12-09,39.0,10149.0,10098.0,67.0,1.6,1448.0,4.6,74.0,54.0,93.0,0.0,0.0,10.6,6.7,60.0,70.0,4.5,6.7,,,,,
2024-12-10,67.0,10169.0,10119.0,72.0,2.5,1526.0,6.6,90.0,83.0,93.0,0.0,0.0,10.0,6.7,80.0,80.0,5.4,8.1,,,,,
2024-12-11,106.0,10037.0,9997.0,111.0,2.9,2341.0,21.6,89.0,65.0,97.0,0.0,0.0,15.6,5.0,280.0,260.0,8.1,13.4,,,,,
2024-12-12,-100.0,10200.0,10122.0,-17.0,4.2,1106.0,0.0,42.0,24.0,67.0,0.0,0.0,5.0,-1.6,240.0,230.0,10.3,17.4,,,,,
2024-12-13,-150.0,10376.0,10312.0,-50.0,,951.0,0.0,36.0,30.0,44.0,0.0,0.0,0.6,-2.7,310.0,310.0,6.7,10.3,,,,,
2024-12-14,-122.0,10461.0,10406.0,-44.0,2.2,1013.0,0.0,43.0,36.0,49.0,0.0,0.0,1.1,-3.2,50.0,50.0,6.3,8.9,,,,,
2024-12-15,-50.0,10410.0,10366.0,-6.0,2.3,1055.0,1.5,63.0,47.0,83.0,0.0,0.0,5.0,-2.1,60.0,50.0,5.4,7.6,,,,,
2024-12-16,56.0,10281.0,10244.0,67.0,2.3,1135.0,23.1,90.0,86.0,93.0,0.0,0.0,11.1,3.3,100.0,100.0,5.4,9.8,,,,,
2024-12-17,50.0,10200.0,10146.0,83.0,2.3,1417.0,0.5,66.0,44.0,89.0,0.0,0.0,15.0,9.4,240.0,260.0,6.3,10.3,,,,,
2024-12-18,11.0,10196.0,10163.0,50.0,1.2,1502.0,8.1,61.0,41.0,90.0,0.0,0.0,11.7,5.6,300.0,130.0,4.0,7.2,,,,,
2024-12-19,-33.0,10220.0,10169.0,22.0,3.0,337.0,1.3,54.0,32.0,89.0,0.0,0.0,7.2,2.8,300.0,300.0,7.2,13.0,1.0,,,,
2024-12-20,-28.0,10163.0,10129.0,0.0,3.8,1221.0,1.0,73.0,52.0,85.0,0.0,0.0,2.8,0.6,60.0,70.0,8.9,12.5,1.0,,,,
2024-12-21,-94.0,10176.0,10108.0,-44.0,4.7,1607.0,3.8,61.0,42.0,89.0,46.0,50.0,0.6,-7.1,310.0,280.0,9.8,19.7,1.0,,,,1.0
2024-12-22,-178.0,10312.0,10257.0,-100.0,,930.0,0.0,47.0,36.0,59.0,0.0,30.0,-6.0,-10.5,300.0,300.0,7.6,13.0,,,,,
2024-12-23,-144.0,10352.0,10305.0,-83.0,1.4,2354.0,0.0,51.0,31.0,64.0,0.0,30.0,-0.5,-10.5,220.0,220.0,5.4,8.5,,,,,
2024-12-24,-56.0,10251.0,10207.0,-11.0,2.2,633.0,2.5,62.0,44.0,85.0,25.0,30.0,3.9,-2.1,220.0,230.0,5.8,9.4,1.0,,,,1.0
2024-12-25,-67.0,10284.0,10230.0,-22.0,1.7,959.0,0.0,61.0,50.0,73.0,0.0,30.0,1.7,-2.1,300.0,20.0,5.4,7.6,,,,,
2024-12-26,-83.0,10312.0,10257.0,-33.0,1.4,940.0,0.0,59.0,44.0,72.0,0.0,30.0,2.2,-4.3,40.0,320.0,3.1,4.9,,,,,
2024-12-27,-44.0,10281.0,10251.0,-6.0,0.5,2308.0,0.0,62.0,49.0,71.0,0.0,30.0,6.7,-3.2,250.0,240.0,3.6,6.7,,,,,
2024-12-28,50.0,10244.0,10196.0,67.0,0.6,46.0,14.2,86.0,68.0,93.0,0.0,0.0,12.2,4.4,220.0,220.0,3.6,5.4,1.0,,,,1.0
2024-12-29,28.0,10169.0,10132.0,61.0,2.1,2051.0,4.1,66.0,44.0,83.0,0.0,0.0,15.6,10.0,160.0,170.0,6.3,11.6,,,,,1.0
2024-12-30,-50.0,10156.0,9993.0,17.0,2.9,1224.0,9.4,48.0,36.0,56.0,0.0,0.0,14.4,9.4,240.0,240.0,7.2,13.4,,,,,
2024-12-31,11.0,10095.0,10051.0,56.0,2.3,2133.0,10.2,61.0,44.0,93.0,0.0,0.0,11.7,6.7,60.0,60.0,7.2,10.7,,,,,
